crime_doloso;Alemanha;ad0ae1e5-b189-405e-bc22-1953aefc89e9;-2.540958;-44.268254;2017-6-24T17:15:29
crime_doloso;Alemanha;ad0ae1e5-b189-405e-bc22-1953aefc89e9;-2.532148;-44.272079;2017-8-21T1:40:32
crime_doloso;Alemanha;ad0ae1e5-b189-405e-bc22-1953aefc89e9;-2.538158;-44.275294;2017-3-30T10:2:4
crime_doloso;Alemanha;ad0ae1e5-b189-405e-bc22-1953aefc89e9;-2.536779;-44.271624;2017-4-10T4:17:5
crime_doloso;Alemanha;ad0ae1e5-b189-405e-bc22-1953aefc89e9;-2.536470;-44.272355;2017-12-2T6:47:45
crime_doloso;Alemanha;ad0ae1e5-b189-405e-bc22-1953aefc89e9;-2.534139;-44.269891;2017-12-6T21:35:51
crime_doloso;Alto da Esperança;3c938d83-9d10-4873-9a42-740c1b8e54f0;-2.543985;-44.313014;2017-2-24T1:9:3
crime_doloso;Alto do Calhau;8af472b4-bb34-4fa5-88e9-5d677a0408e6;-2.497920;-44.257303;2017-11-15T14:33:56
crime_doloso;Alto do Pinho;cbfc8bee-487f-4474-ad41-074e6b424d5a;-2.537514;-44.246457;2017-11-11T17:55:54
crime_doloso;Andiroba;bf1fe00d-e4ee-4efd-bf5f-244939a68992;-2.626533;-44.188265;2017-7-30T8:6:37
crime_doloso;Anel Viário;68cd3dca-64fb-46fa-8902-bc8d96f18c2c;-2.532569;-44.301351;2017-5-30T4:44:44
crime_doloso;Angelim;6aa5f70b-303c-4653-91e0-d9ff1b8f8436;-2.530514;-44.240988;2017-10-19T18:6:18
crime_doloso;Anil;2cbb22ad-7e59-493d-97e6-cc11065b7667;-2.551022;-44.235981;2017-1-26T14:8:30
crime_doloso;Anil;2cbb22ad-7e59-493d-97e6-cc11065b7667;-2.548833;-44.238040;2017-7-15T8:37:11
crime_doloso;Anil;2cbb22ad-7e59-493d-97e6-cc11065b7667;-2.549726;-44.236379;2017-10-31T23:32:27
crime_doloso;Anil;2cbb22ad-7e59-493d-97e6-cc11065b7667;-2.544936;-44.240722;2017-4-6T10:43:39
crime_doloso;Anil;2cbb22ad-7e59-493d-97e6-cc11065b7667;-2.547466;-44.235971;2017-8-26T14:53:11
crime_doloso;Anjo da Guarda;802ce179-8e3b-484f-9d82-25d9cab17e9c;-2.560392;-44.333753;2017-3-9T22:34:11
crime_doloso;Anjo da Guarda;802ce179-8e3b-484f-9d82-25d9cab17e9c;-2.563000;-44.324141;2017-3-14T22:37:45
crime_doloso;Anjo da Guarda;802ce179-8e3b-484f-9d82-25d9cab17e9c;-2.557691;-44.326157;2017-3-29T8:38:25
crime_doloso;Anjo da Guarda;802ce179-8e3b-484f-9d82-25d9cab17e9c;-2.557356;-44.327594;2017-3-31T7:39:42
crime_doloso;Anjo da Guarda;802ce179-8e3b-484f-9d82-25d9cab17e9c;-2.556169;-44.330815;2017-12-15T11:44:18
crime_doloso;Anjo da Guarda;802ce179-8e3b-484f-9d82-25d9cab17e9c;-2.560563;-44.329328;2017-6-30T18:32:32
crime_doloso;Anjo da Guarda;802ce179-8e3b-484f-9d82-25d9cab17e9c;-2.563352;-44.324564;2017-5-25T15:23:30
crime_doloso;Anjo da Guarda;802ce179-8e3b-484f-9d82-25d9cab17e9c;-2.559447;-44.326556;2017-12-7T9:26:35
crime_doloso;Anjo da Guarda;802ce179-8e3b-484f-9d82-25d9cab17e9c;-2.555178;-44.331692;2017-10-5T20:44:41
crime_doloso;Anjo da Guarda;802ce179-8e3b-484f-9d82-25d9cab17e9c;-2.554988;-44.327882;2017-6-11T17:25:58
crime_doloso;Apaco;4fe2ff14-5747-4978-ad59-f2b5915e4ef4;-2.590742;-44.205192;2017-3-5T15:39:1
crime_doloso;Apeadouro;03ef27db-a0ab-424c-b647-6e187511d0c0;-2.544252;-44.274510;2017-8-5T18:29:6
crime_doloso;Apeadouro;03ef27db-a0ab-424c-b647-6e187511d0c0;-2.539348;-44.273385;2017-5-31T7:0:54
crime_doloso;Arraial;a8eb26d5-db4f-4b7e-83a3-ba2ed6b2d455;-2.723433;-44.242491;2017-7-19T22:20:8
crime_doloso;Aurora;c59b2a2d-19f1-48d1-abc8-33298e3d7553;-2.550582;-44.232273;2017-4-14T23:42:43
crime_doloso;Aurora;c59b2a2d-19f1-48d1-abc8-33298e3d7553;-2.549179;-44.224919;2017-2-7T3:47:3
crime_doloso;Aurora;c59b2a2d-19f1-48d1-abc8-33298e3d7553;-2.547301;-44.227611;2017-3-24T20:49:36
crime_doloso;Aurora;c59b2a2d-19f1-48d1-abc8-33298e3d7553;-2.545816;-44.226237;2017-1-26T5:54:51
crime_doloso;Aurora;c59b2a2d-19f1-48d1-abc8-33298e3d7553;-2.548727;-44.227169;2017-10-12T12:8:44
crime_doloso;Aurora;c59b2a2d-19f1-48d1-abc8-33298e3d7553;-2.544922;-44.230416;2017-6-15T6:29:9
crime_doloso;Aurora;c59b2a2d-19f1-48d1-abc8-33298e3d7553;-2.552530;-44.229457;2017-7-9T21:18:31
crime_doloso;Aurora;c59b2a2d-19f1-48d1-abc8-33298e3d7553;-2.551622;-44.225693;2017-8-21T11:7:27
crime_doloso;Barreto;885d9e23-94b3-43d9-a7eb-6fcab3e9071d;-2.544426;-44.264060;2017-4-20T14:41:41
crime_doloso;Barreto;885d9e23-94b3-43d9-a7eb-6fcab3e9071d;-2.546546;-44.263626;2017-5-1T23:34:27
crime_doloso;Barreto;885d9e23-94b3-43d9-a7eb-6fcab3e9071d;-2.550975;-44.257904;2017-11-15T15:2:16
crime_doloso;Barreto;885d9e23-94b3-43d9-a7eb-6fcab3e9071d;-2.549107;-44.254648;2017-10-8T4:12:56
crime_doloso;Barreto;885d9e23-94b3-43d9-a7eb-6fcab3e9071d;-2.547809;-44.263483;2017-2-28T4:3:16
crime_doloso;Barreto;885d9e23-94b3-43d9-a7eb-6fcab3e9071d;-2.546013;-44.255561;2017-6-8T11:28:34
crime_doloso;Bequimão;0aff2b02-b7cf-45ac-a1dd-d27979a9471a;-2.528646;-44.242105;2017-7-17T3:30:12
crime_doloso;Bequimão;0aff2b02-b7cf-45ac-a1dd-d27979a9471a;-2.525807;-44.242468;2017-4-28T5:44:42
crime_doloso;Bequimão;0aff2b02-b7cf-45ac-a1dd-d27979a9471a;-2.533109;-44.243852;2017-6-2T4:10:1
crime_doloso;Bequimão;0aff2b02-b7cf-45ac-a1dd-d27979a9471a;-2.528982;-44.246731;2017-8-9T24:40:44
crime_doloso;Bom Jesus;2a0bd5fe-179f-4bec-bdbe-afba4aa8b6da;-2.566102;-44.271454;2017-12-23T6:30:20
crime_doloso;Bom Jesus;2a0bd5fe-179f-4bec-bdbe-afba4aa8b6da;-2.564294;-44.271734;2017-7-25T3:6:33
crime_doloso;Bom Jesus;2a0bd5fe-179f-4bec-bdbe-afba4aa8b6da;-2.568274;-44.270692;2017-2-17T20:6:51
crime_doloso;Brisas do Mar;7ec722db-d465-495c-8db9-64b19d21e9a4;-2.482362;-44.213440;2017-10-3T6:48:56
crime_doloso;Cajupari;f81b551d-ceab-4ca2-8dcc-ba11ab1d1a97;-2.640172;-44.203309;2017-2-25T11:29:29
crime_doloso;Cajupe;26ef1c13-4c6b-40c6-9316-df7fd9c6c286;-2.603015;-44.219216;2017-4-28T3:14:2
crime_doloso;Camboa;dee2c063-09f3-4b4c-ba26-a0ffd68dd833;-2.527505;-44.295949;2017-7-24T3:30:23
crime_doloso;Camboa;dee2c063-09f3-4b4c-ba26-a0ffd68dd833;-2.522305;-44.294346;2017-11-29T21:32:44
crime_doloso;Camboa;-dee2c063-09f3-4b4c-ba26-a0ffd68dd833;2.522021;-44.286411;2017-11-4T1:8:36
crime_doloso;Camboa;dee2c063-09f3-4b4c-ba26-a0ffd68dd833;-2.526708;-44.292574;2017-5-30T10:51:52
crime_doloso;Camboa;dee2c063-09f3-4b4c-ba26-a0ffd68dd833;-2.526943;-44.289317;2017-9-29T19:7:38
crime_doloso;Camboa;dee2c063-09f3-4b4c-ba26-a0ffd68dd833;-2.528600;-44.292531;2017-9-25T22:1:11
crime_doloso;Cantinho do céu;47a6c030-6230-407f-8cdc-ff2d4b483c30;-2.523572;-44.243263;2017-10-21T18:52:56
crime_doloso;Cantinho do céu;47a6c030-6230-407f-8cdc-ff2d4b483c30;-2.519193;-44.245388;2017-7-28T12:24:55
crime_doloso;Centro-SLZ;941b7a5a-95e3-43d4-95df-aeda208c5000;-2.534980;-44.300334;2017-4-3T4:6:12
crime_doloso;Centro-SLZ;941b7a5a-95e3-43d4-95df-aeda208c5000;-2.527749;-44.297697;2017-5-2T16:20:36
crime_doloso;Centro-SLZ;941b7a5a-95e3-43d4-95df-aeda208c5000;-2.529319;-44.303581;2017-10-23T0:8:3
crime_doloso;Centro-SLZ;941b7a5a-95e3-43d4-95df-aeda208c5000;-2.527154;-44.300485;2017-9-5T3:1:12
crime_doloso;Centro-SLZ;941b7a5a-95e3-43d4-95df-aeda208c5000;-2.527874;-44.302040;2017-10-5T7:56:26
crime_doloso;Centro-SLZ;941b7a5a-95e3-43d4-95df-aeda208c5000;-2.534752;-44.295289;2017-12-7T7:38:11
crime_doloso;Centro-SLZ;941b7a5a-95e3-43d4-95df-aeda208c5000;-2.525232;-44.297996;2017-10-20T11:22:45
crime_doloso;Centro-SLZ;941b7a5a-95e3-43d4-95df-aeda208c5000;-2.528977;-44.300668;2017-4-11T3:23:21
crime_doloso;Centro-SLZ;941b7a5a-95e3-43d4-95df-aeda208c5000;-2.527194;-44.299650;2017-12-24T4:40:18
crime_doloso;Centro-SLZ;941b7a5a-95e3-43d4-95df-aeda208c5000;-2.528694;-44.300136;2017-5-23T5:51:20
crime_doloso;Centro-SLZ;941b7a5a-95e3-43d4-95df-aeda208c5000;-2.530507;-44.295429;2017-12-2T11:38:11
crime_doloso;Centro-SLZ;941b7a5a-95e3-43d4-95df-aeda208c5000;-2.531228;-44.299672;2017-8-5T6:25:17
crime_doloso;Centro-SLZ;941b7a5a-95e3-43d4-95df-aeda208c5000;-2.527247;-44.302284;2017-10-31T20:56:44
crime_doloso;Cidade Nova;e720c7d7-40ca-4254-b540-bf5243e633c6;-2.592466;-44.317801;2017-11-17T9:21:57
crime_doloso;Cidade Olímpica;7e9ad857-be0d-4b88-b311-f8265c84af8d;-2.592372;-44.180030;2017-1-28T15:15:52
crime_doloso;Cidade Olímpica;7e9ad857-be0d-4b88-b311-f8265c84af8d;-2.595684;-44.178902;2017-3-5T20:21:21
crime_doloso;Cidade Olímpica;7e9ad857-be0d-4b88-b311-f8265c84af8d;-2.598243;-44.181429;2017-3-29T2:31:28
crime_doloso;Cidade Olímpica;7e9ad857-be0d-4b88-b311-f8265c84af8d;-2.598970;-44.184982;2017-1-21T12:8:14
crime_doloso;Cidade Olímpica;7e9ad857-be0d-4b88-b311-f8265c84af8d;-2.596889;-44.178490;2017-5-27T4:16:31
crime_doloso;Cidade Olímpica;7e9ad857-be0d-4b88-b311-f8265c84af8d;-2.598682;-44.182134;2017-10-31T9:4:5
crime_doloso;Cidade Olímpica;7e9ad857-be0d-4b88-b311-f8265c84af8d;-2.593509;-44.179926;2017-10-21T13:34:6
crime_doloso;Cidade Olímpica;7e9ad857-be0d-4b88-b311-f8265c84af8d;-2.598355;-44.179060;2017-3-12T1:4:50
crime_doloso;Cidade Olímpica;7e9ad857-be0d-4b88-b311-f8265c84af8d;-2.594701;-44.182980;2017-10-9T18:47:42
crime_doloso;Cidade Olímpica;7e9ad857-be0d-4b88-b311-f8265c84af8d;-2.589925;-44.179911;2017-8-24T22:14:30
crime_doloso;Cidade Olímpica;7e9ad857-be0d-4b88-b311-f8265c84af8d;-2.591325;-44.182186;2017-10-29T9:21:60
crime_doloso;Cidade Olímpica;7e9ad857-be0d-4b88-b311-f8265c84af8d;-2.595773;-44.183731;2017-10-24T19:57:25
crime_doloso;Cidade Olímpica;7e9ad857-be0d-4b88-b311-f8265c84af8d;-2.598518;-44.184942;2017-11-29T21:52:26
crime_doloso;Cidade Olímpica;7e9ad857-be0d-4b88-b311-f8265c84af8d;-2.590325;-44.187265;2017-8-6T0:33:21
crime_doloso;Cidade Olímpica;7e9ad857-be0d-4b88-b311-f8265c84af8d;-2.598581;-44.184362;2017-6-4T14:58:57
crime_doloso;Cidade Olímpica;7e9ad857-be0d-4b88-b311-f8265c84af8d;-2.596773;-44.178946;2017-7-9T3:21:41
crime_doloso;Cidade Olímpica;7e9ad857-be0d-4b88-b311-f8265c84af8d;-2.595801;-44.181683;2017-3-28T3:23:31
crime_doloso;Cidade Olímpica;7e9ad857-be0d-4b88-b311-f8265c84af8d;-2.596471;-44.183169;2017-1-23T12:39:11
crime_doloso;Cidade Olímpica;7e9ad857-be0d-4b88-b311-f8265c84af8d;-2.592393;-44.185065;2017-9-11T1:13:6
crime_doloso;Cidade Operária;285145bc-9dcd-48e2-8dfc-3023fe096e6c;-2.576818;-44.195190;2017-7-22T12:18:58
crime_doloso;Cidade Operária;285145bc-9dcd-48e2-8dfc-3023fe096e6c;-2.571545;-44.198016;2017-12-21T19:30:20
crime_doloso;Cidade Operária;285145bc-9dcd-48e2-8dfc-3023fe096e6c;-2.568780;-44.199454;2017-5-18T13:49:55
crime_doloso;Cidade Operária;285145bc-9dcd-48e2-8dfc-3023fe096e6c;-2.572145;-44.202854;2017-9-25T7:42:38
crime_doloso;Cohab;6ac5b9e5-e728-442f-a5de-9cfe0ce5d124;-2.544792;-44.216131;2017-6-7T14:17:6
crime_doloso;Cohab-Anil I;871dccd4-ca7d-4f50-aaec-57d63c37db9a;-2.539175;-44.224370;2017-10-3T21:35:29
crime_doloso;Cohab-Anil III;e9ef5ba8-79e9-45c6-94f3-1f3d0a5e9ebf;-2.550092;-44.213965;2017-6-23T20:28:36
crime_doloso;Cohab-Anil III;e9ef5ba8-79e9-45c6-94f3-1f3d0a5e9ebf;-2.544209;-44.217518;2017-9-3T19:46:12
crime_doloso;Cohafuma;61f8fa15-7dce-4212-a8c5-7f564a368754;-2.509272;-44.271771;2017-6-10T2:31:9
crime_doloso;Cohama;22a80cd2-d436-45ed-9cc6-a5a36ee49300;-2.513218;-44.244419;2017-11-2T12:32:48
crime_doloso;Cohatrac I;6a40cda5-b236-4bd6-9f65-7ed2fa317453;-2.540612;-44.207510;2017-3-7T4:7:40
crime_doloso;Cohatrac IV;a4a8c4b0-dbc9-414b-9850-5bb7c4209155;-2.534446;-44.202541;2017-3-19T14:51:43
crime_doloso;Conjunto Cial;fb2e0a91-ead5-4347-a281-fd4791fcceae;-2.559252;-44.236768;2017-3-28T11:31:13
crime_doloso;Conjunto Rio Anil;3d0d3b63-f020-403e-8a2e-4ddda7ae1b5c;-2.538880;-44.243473;2017-10-30T4:18:51
crime_doloso;Conjunto Rio Anil;3d0d3b63-f020-403e-8a2e-4ddda7ae1b5c;-2.531916;-44.251719;2017-3-22T15:52:29
crime_doloso;Conjunto São Raimundo;c6318583-e1cd-4fd3-b2eb-2f6739a209ef;-2.600742;-44.234112;2017-5-10T16:31:46
crime_doloso;Conjunto São Raimundo;c6318583-e1cd-4fd3-b2eb-2f6739a209ef;-2.601851;-44.227964;2017-11-28T20:8:50
crime_doloso;Conjunto São Raimundo;c6318583-e1cd-4fd3-b2eb-2f6739a209ef;-2.595384;-44.229991;2017-1-31T19:20:18
crime_doloso;Conjunto São Raimundo;c6318583-e1cd-4fd3-b2eb-2f6739a209ef;-2.597238;-44.228324;2017-1-18T6:47:13
crime_doloso;Conjunto São Raimundo;c6318583-e1cd-4fd3-b2eb-2f6739a209ef;-2.595968;-44.232945;2017-11-24T0:45:16
crime_doloso;Conjunto São Raimundo;c6318583-e1cd-4fd3-b2eb-2f6739a209ef;-2.598101;-44.228586;2017-2-31T10:51:32
crime_doloso;Conjunto São Raimundo;c6318583-e1cd-4fd3-b2eb-2f6739a209ef;-2.593295;-44.229027;2017-8-9T16:8:54
crime_doloso;Coqueiro;bb13acf7-ca76-4266-aa06-a6d5897528bd;-2.733568;-44.357204;2017-7-1T15:56:54
crime_doloso;Coréia;5bb0ad2c-b5ab-481d-a1af-8a007f765ce9;-2.536798;-44.292990;2017-1-29T18:44:6
crime_doloso;Coroadinho;8809225c-c5bc-4ce1-9751-af5e3f81d9de;-2.563108;-44.270262;2017-2-12T21:32:15
crime_doloso;Coroadinho;8809225c-c5bc-4ce1-9751-af5e3f81d9de;-2.562987;-44.261067;2017-9-25T10:30:5
crime_doloso;Coroadinho;8809225c-c5bc-4ce1-9751-af5e3f81d9de;-2.567885;-44.266366;2017-8-23T22:16:55
crime_doloso;Coroadinho;8809225c-c5bc-4ce1-9751-af5e3f81d9de;-2.564509;-44.270429;2017-1-1T4:27:52
crime_doloso;Coroadinho;8809225c-c5bc-4ce1-9751-af5e3f81d9de;-2.566955;-44.268991;2017-1-12T16:3:31
crime_doloso;Coroadinho;8809225c-c5bc-4ce1-9751-af5e3f81d9de;-2.568327;-44.270050;2017-9-16T13:6:55
crime_doloso;Coroadinho;8809225c-c5bc-4ce1-9751-af5e3f81d9de;-2.565284;-44.265917;2017-7-21T5:59:30
crime_doloso;Coroadinho;8809225c-c5bc-4ce1-9751-af5e3f81d9de;-2.561021;-44.261358;2017-7-28T6:25:25
crime_doloso;Coroadinho;8809225c-c5bc-4ce1-9751-af5e3f81d9de;-2.566504;-44.265584;2017-3-13T10:38:21
crime_doloso;Coroadinho;8809225c-c5bc-4ce1-9751-af5e3f81d9de;-2.560663;-44.261799;2017-7-21T23:33:36
crime_doloso;Coroadinho;8809225c-c5bc-4ce1-9751-af5e3f81d9de;-2.562479;-44.262773;2017-3-8T18:1:55
crime_doloso;Coroadinho;8809225c-c5bc-4ce1-9751-af5e3f81d9de;-2.558987;-44.268331;2017-8-22T9:25:24
crime_doloso;Coroado;affd6cc8-dec3-45d8-9d94-0a10cc4f5125;-2.557301;-44.272838;2017-9-1T19:25:51
crime_doloso;Coroado;affd6cc8-dec3-45d8-9d94-0a10cc4f5125;-2.549938;-44.265031;2017-3-3T4:26:60
crime_doloso;Coroado;affd6cc8-dec3-45d8-9d94-0a10cc4f5125;-2.555491;-44.271034;2017-1-19T20:36:10
crime_doloso;Coroado;affd6cc8-dec3-45d8-9d94-0a10cc4f5125;-2.558316;-44.266236;2017-8-11T19:16:9
crime_doloso;Coroado;affd6cc8-dec3-45d8-9d94-0a10cc4f5125;-2.555576;-44.268527;2017-6-4T21:39:17
crime_doloso;Coroado;affd6cc8-dec3-45d8-9d94-0a10cc4f5125;-2.556776;-44.266445;2017-1-21T19:24:29
crime_doloso;Cruzeiro do Anil;40453bd7-56e6-49ed-a02c-eb86e69028a5;-2.542729;-44.231276;2017-3-27T6:45:35
crime_doloso;Cruzeiro do Anil;40453bd7-56e6-49ed-a02c-eb86e69028a5;-2.536125;-44.234649;2017-4-18T16:60:53
crime_doloso;Cruzeiro do Anil;40453bd7-56e6-49ed-a02c-eb86e69028a5;-2.544724;-44.231713;2017-10-23T1:9:48
crime_doloso;Cruzeiro do Anil;40453bd7-56e6-49ed-a02c-eb86e69028a5;-2.540851;-44.234400;2017-6-1T17:44:50
crime_doloso;Desterro;c61f73f4-2b12-42b0-8ddc-927dbf0619c1;-2.530359;-44.308607;2017-1-17T3:52:44
crime_doloso;Diamante;872302cb-7efc-49b6-9c6f-558d082b5912;-2.528932;-44.291683;2017-9-9T10:12:0
crime_doloso;Distrito Industrial;a2d65554-034b-4a10-b93b-efe3651994b3;-2.643810;-44.268501;2017-8-20T5:56:1
crime_doloso;Distrito Industrial;a2d65554-034b-4a10-b93b-efe3651994b3;-2.642006;-44.261924;2017-7-24T20:8:9
crime_doloso;Divinéia;6d727b6c-0b87-415e-8627-a961045ee43b;-2.491701;-44.217152;2017-7-15T22:47:14
crime_doloso;Divinéia;6d727b6c-0b87-415e-8627-a961045ee43b;-2.490257;-44.223584;2017-4-6T12:16:4
crime_doloso;Divinéia;6d727b6c-0b87-415e-8627-a961045ee43b;-2.489221;-44.215668;2017-7-27T9:1:35
crime_doloso;Divinéia;6d727b6c-0b87-415e-8627-a961045ee43b;-2.493492;-44.221601;2017-2-30T22:49:27
crime_doloso;Divinéia;6d727b6c-0b87-415e-8627-a961045ee43b;-2.493648;-44.224205;2017-9-5T17:4:38
crime_doloso;Divinéia;6d727b6c-0b87-415e-8627-a961045ee43b;-2.490825;-44.219088;2017-6-22T6:15:58
crime_doloso;Divinéia;6d727b6c-0b87-415e-8627-a961045ee43b;-2.491647;-44.220642;2017-5-25T5:27:35
crime_doloso;Divinéia;6d727b6c-0b87-415e-8627-a961045ee43b;-2.497506;-44.223293;2017-12-5T12:45:12
crime_doloso;Divinéia;6d727b6c-0b87-415e-8627-a961045ee43b;-2.494548;-44.224957;2017-2-19T18:38:49
crime_doloso;Divinéia;6d727b6c-0b87-415e-8627-a961045ee43b;-2.495294;-44.216963;2017-11-14T13:48:39
crime_doloso;Divinéia;6d727b6c-0b87-415e-8627-a961045ee43b;-2.492648;-44.220150;2017-9-26T14:35:31
crime_doloso;Estiva;40eeb8fa-7054-4ae4-95da-e4d3d42933d0;-2.760726;-44.350203;2017-6-1T13:29:35
crime_doloso;Estiva;40eeb8fa-7054-4ae4-95da-e4d3d42933d0;-2.756265;-44.347022;2017-6-21T12:13:18
crime_doloso;Estiva;40eeb8fa-7054-4ae4-95da-e4d3d42933d0;-2.758703;-44.350904;2017-3-17T20:34:17
crime_doloso;Fabril;11f2dcd1-c99a-4fc5-8c91-e5edade0b719;-2.531240;-44.284649;2017-6-1T20:9:4
crime_doloso;Fátima;be4c1fa9-0864-4961-ac1e-cd8ded02b460;-2.540856;-44.280822;2017-5-5T13:7:7
crime_doloso;Fátima;be4c1fa9-0864-4961-ac1e-cd8ded02b460;-2.546148;-44.278180;2017-3-13T11:4:15
crime_doloso;Fátima;be4c1fa9-0864-4961-ac1e-cd8ded02b460;-2.548807;-44.281567;2017-9-31T14:47:11
crime_doloso;Fátima;be4c1fa9-0864-4961-ac1e-cd8ded02b460;-2.544043;-44.282201;2017-10-12T21:24:53
crime_doloso;Fátima;be4c1fa9-0864-4961-ac1e-cd8ded02b460;-2.546539;-44.287956;2017-2-19T0:21:11
crime_doloso;Fátima;be4c1fa9-0864-4961-ac1e-cd8ded02b460;-2.542099;-44.281764;2017-5-22T11:4:2
crime_doloso;Fátima;be4c1fa9-0864-4961-ac1e-cd8ded02b460;-2.541862;-44.281844;2017-9-19T9:52:60
crime_doloso;Fátima;be4c1fa9-0864-4961-ac1e-cd8ded02b460;-2.546125;-44.280416;2017-2-4T7:27:56
crime_doloso;Fátima;be4c1fa9-0864-4961-ac1e-cd8ded02b460;-2.545161;-44.287095;2017-2-30T19:27:24
crime_doloso;Fátima;be4c1fa9-0864-4961-ac1e-cd8ded02b460;-2.542232;-44.285351;2017-7-17T16:13:23
crime_doloso;Fátima;be4c1fa9-0864-4961-ac1e-cd8ded02b460;-2.541699;-44.282046;2017-12-6T4:15:54
crime_doloso;Fátima;be4c1fa9-0864-4961-ac1e-cd8ded02b460;-2.541432;-44.282402;2017-5-16T2:15:17
crime_doloso;Fátima;be4c1fa9-0864-4961-ac1e-cd8ded02b460;-2.544273;-44.282568;2017-6-31T8:57:19
crime_doloso;Fátima;be4c1fa9-0864-4961-ac1e-cd8ded02b460;-2.546557;-44.280507;2017-12-27T3:55:30
crime_doloso;Filipinho;72624d8e-bd98-4219-8cd1-b5b482171ed9;-2.547604;-44.264726;2017-5-27T7:24:55
crime_doloso;Forquilha;20e9435d-a891-4db7-bffc-9083d2344749;-2.557053;-44.215169;2017-6-4T21:30:57
crime_doloso;Forquilha;20e9435d-a891-4db7-bffc-9083d2344749;-2.559801;-44.212345;2017-6-16T9:16:53
crime_doloso;Fumacê;0d1540e7-9cb2-41f9-9cc7-9225736c9836;-2.562900;-44.335951;2017-1-24T24:3:10
crime_doloso;Fumacê;0d1540e7-9cb2-41f9-9cc7-9225736c9836;-2.558951;-44.334910;2017-7-19T0:32:25
crime_doloso;Gancharia;96e81530-9f50-4c3c-bca5-440f415d2da6;-2.552388;-44.317156;2017-4-1T15:25:18
crime_doloso;Igaraú;9af88205-5993-431e-9a69-b88824305742;-2.757897;-44.323309;2017-10-30T20:0:25
crime_doloso;Ilhinha;34dab730-df4e-49f7-9400-8a957e18ab42;-2.502094;-44.311902;2017-5-18T12:0:50
crime_doloso;Ilhinha;34dab730-df4e-49f7-9400-8a957e18ab42;-2.501696;-44.305045;2017-5-13T15:36:11
crime_doloso;Inhaúma;00bfd43f-91a8-4a4e-a697-a8015aaf0f91;-2.737741;-44.336658;2017-9-13T5:15:20
crime_doloso;Inhaúma;00bfd43f-91a8-4a4e-a697-a8015aaf0f91;-2.738679;-44.334202;2017-12-19T8:5:41
crime_doloso;Ipase de Baixo;ae4a1b50-6d99-4286-857a-ebd834a2fdfd;-2.533180;-44.254041;2017-12-31T13:36:10
crime_doloso;Ipase de Baixo;ae4a1b50-6d99-4286-857a-ebd834a2fdfd;-2.534165;-44.262192;2017-6-17T8:39:43
crime_doloso;Ipem-Turú;c4f355e5-8cc0-435a-a27f-80d086f7a82e;-2.518786;-44.214523;2017-2-31T22:4:46
crime_doloso;Itapera;690a28c4-238b-4bfe-80d5-1fa237b64f64;-2.669076;-44.285382;2017-8-23T17:7:57
crime_doloso;Itapera;690a28c4-238b-4bfe-80d5-1fa237b64f64;-2.669815;-44.280608;2017-1-1T19:41:38
crime_doloso;Itapiracó;d7e85254-0b38-459c-bac4-c3267299768c;-2.531046;-44.209531;2017-6-23T3:25:0
crime_doloso;Ivar Saldanha;9459a1cd-c142-413c-8f91-cdb93bf036af;-2.538753;-44.267401;2017-5-20T1:5:38
crime_doloso;Ivar Saldanha;9459a1cd-c142-413c-8f91-cdb93bf036af;-2.538693;-44.262560;2017-6-21T16:50:33
crime_doloso;Jaracatí;4abb6443-eba8-45a7-8fbd-f85bf4d28113;-2.513717;-44.293008;2017-11-19T11:49:18
crime_doloso;Jaracatí;4abb6443-eba8-45a7-8fbd-f85bf4d28113;-2.509195;-44.284237;2017-3-1T24:53:12
crime_doloso;Jaracatí;4abb6443-eba8-45a7-8fbd-f85bf4d28113;-2.509023;-44.283684;2017-7-11T0:1:49
crime_doloso;Jaracatí;4abb6443-eba8-45a7-8fbd-f85bf4d28113;-2.513713;-44.289531;2017-12-17T22:32:47
crime_doloso;Jardim América;f32e8d68-4d85-4be1-b0c1-ba2dab8defeb;-2.586637;-44.194351;2017-1-27T12:60:29
crime_doloso;Jardim América;f32e8d68-4d85-4be1-b0c1-ba2dab8defeb;-2.588669;-44.192235;2017-5-5T17:51:47
crime_doloso;Jardim América;f32e8d68-4d85-4be1-b0c1-ba2dab8defeb;-2.580556;-44.198734;2017-7-23T1:5:32
crime_doloso;Jardim Lisboa;5b83206d-cf97-4269-b2bb-99f8e8329331;-2.564937;-44.187674;2017-10-4T24:24:6
crime_doloso;Jardim São Cristóvão;3df51899-6db1-431a-839e-51267e699ac8;-2.570362;-44.222572;2017-11-15T8:14:24
crime_doloso;Jardim São Cristóvão;3df51899-6db1-431a-839e-51267e699ac8;-2.569167;-44.227897;2017-12-22T8:29:26
crime_doloso;Jardim São Cristóvão;3df51899-6db1-431a-839e-51267e699ac8;-2.574007;-44.221089;2017-5-6T1:3:58
crime_doloso;Jardim São Cristóvão;3df51899-6db1-431a-839e-51267e699ac8;-2.568414;-44.226940;2017-9-12T20:12:41
crime_doloso;Jardim São Cristóvão;3df51899-6db1-431a-839e-51267e699ac8;-2.576574;-44.223504;2017-1-20T14:4:15
crime_doloso;Jardim São Cristóvão;3df51899-6db1-431a-839e-51267e699ac8;-2.568170;-44.230936;2017-7-17T19:28:9
crime_doloso;Jardim São Cristóvão;3df51899-6db1-431a-839e-51267e699ac8;-2.568313;-44.221238;2017-8-15T3:21:18
crime_doloso;Jardim São Cristóvão;3df51899-6db1-431a-839e-51267e699ac8;-2.571607;-44.229530;2017-4-13T10:16:2
crime_doloso;Jardim São Cristóvão;3df51899-6db1-431a-839e-51267e699ac8;-2.569330;-44.221500;2017-8-18T18:9:21
crime_doloso;João de Deus;6dedd060-974d-4270-88ba-e5ef3fa49432;-2.554063;-44.235668;2017-6-1T10:40:39
crime_doloso;João Paulo;cf1d51a7-f909-470f-b602-0f9fb44c359e;-2.543975;-44.272871;2017-10-20T10:7:49
crime_doloso;João Paulo;cf1d51a7-f909-470f-b602-0f9fb44c359e;-2.550912;-44.270581;2017-2-4T0:51:55
crime_doloso;João Paulo;cf1d51a7-f909-470f-b602-0f9fb44c359e;-2.544735;-44.274266;2017-5-9T8:36:47
crime_doloso;João Paulo;cf1d51a7-f909-470f-b602-0f9fb44c359e;-2.542580;-44.270648;2017-11-5T11:48:5
crime_doloso;Jordôa;65c7e3fb-4f45-4513-89e7-edd377394cb9;-2.549451;-44.261982;2017-9-20T8:27:19
crime_doloso;Lagoa da Jansen;799d91ba-f290-49b6-aa10-64ba29795d5f;-2.493090;-44.302416;2017-9-4T10:34:40
crime_doloso;Liberdade;47b3719c-267c-4833-94e7-becb9792c6f6;-2.532710;-44.281381;2017-7-10T16:39:22
crime_doloso;Liberdade;47b3719c-267c-4833-94e7-becb9792c6f6;-2.524141;-44.288197;2017-11-14T6:4:46
crime_doloso;Liberdade;47b3719c-267c-4833-94e7-becb9792c6f6;-2.523920;-44.282907;2017-10-4T6:40:35
crime_doloso;Liberdade;47b3719c-267c-4833-94e7-becb9792c6f6;-2.530624;-44.286156;2017-10-9T17:27:33
crime_doloso;Liberdade;47b3719c-267c-4833-94e7-becb9792c6f6;-2.531508;-44.282159;2017-11-18T14:1:19
crime_doloso;Liberdade;47b3719c-267c-4833-94e7-becb9792c6f6;-2.525795;-44.280636;2017-9-30T12:28:1
crime_doloso;Liberdade;47b3719c-267c-4833-94e7-becb9792c6f6;-2.526113;-44.285255;2017-1-15T16:52:5
crime_doloso;Liberdade;47b3719c-267c-4833-94e7-becb9792c6f6;-2.528898;-44.282145;2017-1-1T10:49:37
crime_doloso;Liberdade;47b3719c-267c-4833-94e7-becb9792c6f6;-2.532340;-44.285582;2017-10-7T15:58:50
crime_doloso;Liberdade;47b3719c-267c-4833-94e7-becb9792c6f6;-2.525128;-44.281425;2017-9-8T6:39:7
crime_doloso;Liberdade;47b3719c-267c-4833-94e7-becb9792c6f6;-2.527720;-44.287351;2017-11-7T5:31:40
crime_doloso;Macaúba;9c9f47ab-bf25-42ce-94f4-12446dc4bda3;-2.535667;-44.288296;2017-3-8T23:55:43
crime_doloso;Maracanã;4c5bb9a6-721c-4d0a-9289-87aa1bd72060;-2.634778;-44.286881;2017-7-13T11:25:54
crime_doloso;Maracanã;4c5bb9a6-721c-4d0a-9289-87aa1bd72060;-2.636257;-44.283654;2017-8-13T17:12:54
crime_doloso;Maracanã;4c5bb9a6-721c-4d0a-9289-87aa1bd72060;-2.639410;-44.285499;2017-10-13T17:47:20
crime_doloso;Maracanã;4c5bb9a6-721c-4d0a-9289-87aa1bd72060;-2.632495;-44.290365;2017-6-4T9:25:24
crime_doloso;Maracanã;4c5bb9a6-721c-4d0a-9289-87aa1bd72060;-2.633734;-44.281258;2017-3-2T19:15:4
crime_doloso;Maracanã;4c5bb9a6-721c-4d0a-9289-87aa1bd72060;-2.633176;-44.287193;2017-1-5T12:5:54
crime_doloso;Maracanã;4c5bb9a6-721c-4d0a-9289-87aa1bd72060;-2.633390;-44.284134;2017-7-14T19:30:6
crime_doloso;Maracanã;4c5bb9a6-721c-4d0a-9289-87aa1bd72060;-2.640637;-44.289435;2017-9-24T11:52:39
crime_doloso;Monte Castelo;6422e7d9-039f-42c9-a221-ed9867a8b348;-2.537539;-44.276956;2017-9-18T21:37:16
crime_doloso;Monte Castelo;6422e7d9-039f-42c9-a221-ed9867a8b348;-2.532741;-44.278643;2017-7-15T15:31:34
crime_doloso;Monte Castelo;6422e7d9-039f-42c9-a221-ed9867a8b348;-2.530225;-44.281728;2017-8-3T13:1:20
crime_doloso;Monte Castelo;6422e7d9-039f-42c9-a221-ed9867a8b348;-2.530299;-44.275519;2017-12-26T24:44:53
crime_doloso;Monte Castelo;6422e7d9-039f-42c9-a221-ed9867a8b348;-2.532411;-44.275526;2017-10-20T4:29:20
crime_doloso;Monte Castelo;6422e7d9-039f-42c9-a221-ed9867a8b348;-2.534046;-44.280458;2017-8-31T17:56:16
crime_doloso;Monte Castelo;6422e7d9-039f-42c9-a221-ed9867a8b348;-2.538641;-44.279056;2017-11-31T21:34:52
crime_doloso;Monte Castelo;6422e7d9-039f-42c9-a221-ed9867a8b348;-2.537721;-44.278926;2017-11-8T12:55:58
crime_doloso;Monte Castelo;6422e7d9-039f-42c9-a221-ed9867a8b348;-2.534345;-44.278435;2017-4-16T16:29:7
crime_doloso;Novo Angelim;08a20209-4b78-4b49-ae82-237e40c54097;-2.533956;-44.233439;2017-3-8T9:41:45
crime_doloso;Novo Angelim;08a20209-4b78-4b49-ae82-237e40c54097;-2.530777;-44.235591;2017-10-7T10:55:50
crime_doloso;Olho D’água;59f5efee-043e-4e2c-a8b3-7bb39918339c;-2.484433;-44.227404;2017-11-27T24:47:4
crime_doloso;Olho D’água;59f5efee-043e-4e2c-a8b3-7bb39918339c;-2.491499;-44.225640;2017-6-10T10:25:8
crime_doloso;Outeiro da Cruz;c1f82ec4-fe7a-46c3-9d7c-2b0a6a3503ac;-2.556000;-44.253072;2017-2-20T9:40:1
crime_doloso;Pão de Açúcar;cda55d38-3525-4ba3-85a5-1519ff3c311a;-2.542974;-44.241896;2017-5-8T22:41:16
crime_doloso;Pão de Açúcar;cda55d38-3525-4ba3-85a5-1519ff3c311a;-2.542143;-44.238537;2017-12-25T2:23:7
crime_doloso;Parque Athenas;93642e8a-7574-4eea-9908-8e381b8c0008;-2.502214;-44.247992;2017-7-27T5:5:47
crime_doloso;Parque Aurora;37f250d3-f345-474c-a303-bb3570b4ccf7;-2.540863;-44.215212;2017-8-11T7:48:30
crime_doloso;Parque Nice Lobão;648ef01f-8bba-4700-84d4-a00ffe90e909;-2.555856;-44.275052;2017-11-25T19:45:60
crime_doloso;Pedrinhas;8fa8b72d-1ba6-441b-84ea-bc6afe435d33;-2.683483;-44.300513;2017-8-2T15:9:21
crime_doloso;Pedrinhas;8fa8b72d-1ba6-441b-84ea-bc6afe435d33;-2.683567;-44.302055;2017-7-15T23:44:23
crime_doloso;Pedrinhas;8fa8b72d-1ba6-441b-84ea-bc6afe435d33;-2.686600;-44.299055;2017-9-29T21:55:21
crime_doloso;Pedrinhas;8fa8b72d-1ba6-441b-84ea-bc6afe435d33;-2.684034;-44.299423;2017-9-10T6:58:45
crime_doloso;Pedrinhas;8fa8b72d-1ba6-441b-84ea-bc6afe435d33;-2.692636;-44.300266;2017-10-1T10:8:46
crime_doloso;Pedrinhas;8fa8b72d-1ba6-441b-84ea-bc6afe435d33;-2.691967;-44.305158;2017-2-11T20:7:22
crime_doloso;Pedrinhas;8fa8b72d-1ba6-441b-84ea-bc6afe435d33;-2.692790;-44.307404;2017-3-1T12:31:39
crime_doloso;Piquizeiro;fa40ef93-c615-4931-bf05-26a12cfe21cf;-2.540716;-44.229615;2017-1-17T5:57:49
crime_doloso;Piquizeiro;fa40ef93-c615-4931-bf05-26a12cfe21cf;-2.534148;-44.238503;2017-4-15T14:50:1
crime_doloso;Pirapora;2237c6cb-cf6e-48ea-a476-ecaae005d732;-2.559414;-44.247418;2017-9-2T13:11:26
crime_doloso;Planalto Aurora;4d058b2c-5413-4a9c-85b2-eade92d52763;-2.552928;-44.225723;2017-4-2T10:40:9
crime_doloso;Planalto Aurora;4d058b2c-5413-4a9c-85b2-eade92d52763;-2.557786;-44.221422;2017-2-16T0:31:26
crime_doloso;Planalto Aurora;4d058b2c-5413-4a9c-85b2-eade92d52763;-2.551489;-44.229019;2017-6-9T18:51:21
crime_doloso;Planalto Turu I;b3140e57-9e1a-481b-8f9b-56da6f10c30c;-2.496126;-44.225372;2017-7-3T5:26:1
crime_doloso;Ponta do Farol;5ef2f842-431a-4ac5-b8ff-fcf191cd494d;-2.492166;-44.297828;2017-8-22T24:60:37
crime_doloso;Portelinha;453f0238-0b13-4c8f-ad62-ab343b5bdba4;-2.493383;-44.246016;2017-7-19T11:15:38
crime_doloso;Portelinha;453f0238-0b13-4c8f-ad62-ab343b5bdba4;-2.502556;-44.246363;2017-8-22T10:7:29
crime_doloso;Portelinha;453f0238-0b13-4c8f-ad62-ab343b5bdba4;-2.501348;-44.253855;2017-6-29T1:46:13
crime_doloso;Primavera/Coroadinho;8809225c-c5bc-4ce1-9751-af5e3f81d9de;c76d45ca-b487-41aa-9c3d-a5bcecc6544f;-2.564330;2017-5-7T9:17:7
crime_doloso;Recanto Fialho;de43deb0-30f6-4663-b567-9a442474132b;-2.511143;-44.232655;2017-7-25T8:10:26
crime_doloso;Recanto Fialho;de43deb0-30f6-4663-b567-9a442474132b;-2.513490;-44.232117;2017-11-6T6:58:46
crime_doloso;Recanto Verde;9390709e-eef4-43e6-8835-a06f19b3a524;-2.595085;-44.253569;2017-1-8T23:39:38
crime_doloso;Recanto Verde;9390709e-eef4-43e6-8835-a06f19b3a524;-2.591338;-44.246392;2017-8-29T18:37:52
crime_doloso;Recanto Verde;9390709e-eef4-43e6-8835-a06f19b3a524;-2.589630;-44.251339;2017-6-15T13:32:29
crime_doloso;Recanto Vinhais;89084205-a8a4-4d12-928c-acc621eb6ce7;-2.522977;-44.260127;2017-5-16T17:55:36
crime_doloso;Renascença I;c64606d4-3597-4a3d-b61e-6407e0ea8b90;-2.506223;-44.292319;2017-4-2T15:12:45
crime_doloso;Residencial 2000;560b206a-62b6-4ea6-95c7-973e976b628c;-2.646079;-44.271951;2017-7-27T5:9:33
crime_doloso;Residencial 2000;560b206a-62b6-4ea6-95c7-973e976b628c;-2.647421;-44.268675;2017-8-5T19:52:8
crime_doloso;Residencial Ana Jansem;8680ec33-7207-4c36-8919-ef1f8717a3f0;-2.549519;-44.305659;2017-7-15T10:1:17
crime_doloso;Residencial João Alberto;478f1b9c-3a35-4440-8aee-249bc9877602;-2.562138;-44.237430;2017-8-27T2:17:54
crime_doloso;Residencial João Alberto;478f1b9c-3a35-4440-8aee-249bc9877602;-2.564284;-44.244848;2017-4-24T1:28:13
crime_doloso;Residencial João Alberto;478f1b9c-3a35-4440-8aee-249bc9877602;-2.556017;-44.245681;2017-1-13T23:33:23
crime_doloso;Residencial José Reinaldo Tavares;4d30a51a-eb7a-4dc1-bddf-0ab3d8842d35;-2.585462;-44.179164;2017-5-9T12:42:48
crime_doloso;Residencial José Reinaldo Tavares;4d30a51a-eb7a-4dc1-bddf-0ab3d8842d35;-2.587185;-44.172821;2017-3-8T22:36:56
crime_doloso;Residencial José Reinaldo Tavares;4d30a51a-eb7a-4dc1-bddf-0ab3d8842d35;-2.586441;-44.172215;2017-7-8T8:29:8
crime_doloso;Residencial José Reinaldo Tavares;4d30a51a-eb7a-4dc1-bddf-0ab3d8842d35;-2.589423;-44.178092;2017-2-3T12:42:24
crime_doloso;Residencial José Reinaldo Tavares;4d30a51a-eb7a-4dc1-bddf-0ab3d8842d35;-2.586675;-44.178032;2017-5-27T19:0:26
crime_doloso;Residencial Magnólia;a50147c3-304b-45fc-ab32-bca9c8eda914;-2.644420;-44.278544;2017-2-6T22:26:35
crime_doloso;Residencial Magnólia;a50147c3-304b-45fc-ab32-bca9c8eda914;-2.646513;-44.277308;2017-2-6T10:40:33
crime_doloso;Residencial Magnólia;a50147c3-304b-45fc-ab32-bca9c8eda914;-2.648620;-44.275403;2017-1-16T4:55:40
crime_doloso;Residencial Nova Jerusalém;a1f67b0c-34a2-4d6b-84de-16191a6e3d58;-2.599296;-44.209096;2017-2-4T12:56:22
crime_doloso;Residencial Paraíso;65e0705c-b7f3-45c8-a5af-4e9cd951ba6a;-2.568759;-44.297923;2017-7-6T3:9:52
crime_doloso;Residencial Paraíso;65e0705c-b7f3-45c8-a5af-4e9cd951ba6a;-2.573649;-44.293856;2017-2-4T7:55:45
crime_doloso;Residencial Ribeira;63c596dc-edbf-4fbc-b578-544bd4e077d7;-2.637939;-44.256324;2017-11-30T1:3:28
crime_doloso;Residencial Ribeira;63c596dc-edbf-4fbc-b578-544bd4e077d7;-2.633373;-44.249158;2017-12-26T14:32:25
crime_doloso;Residencial Ribeira;63c596dc-edbf-4fbc-b578-544bd4e077d7;-2.633345;-44.258183;2017-12-28T7:24:0
crime_doloso;Residencial Ribeira;63c596dc-edbf-4fbc-b578-544bd4e077d7;-2.641303;-44.256584;2017-12-1T17:18:34
crime_doloso;Residencial Ribeira;63c596dc-edbf-4fbc-b578-544bd4e077d7;-2.641309;-44.250537;2017-12-31T22:11:12
crime_doloso;Retiro natal;7cc0a8f7-48c1-4e22-a1ec-9d4898dc7279;-2.541771;-44.286330;2017-7-18T10:12:9
crime_doloso;Retiro natal;7cc0a8f7-48c1-4e22-a1ec-9d4898dc7279;-2.536806;-44.287074;2017-12-27T6:46:29
crime_doloso;Rio Anil;20850d9f-620b-45b6-8411-e81b432aeb0e;-2.535686;-44.250617;2017-7-18T17:33:11
crime_doloso;Rio dos Cachorros;e26962c5-2b94-41ff-b49f-87712a9e6e99;-2.660213;-44.319350;2017-3-31T23:51:46
crime_doloso;Sá Viana;c83c5ab4-c064-4c1a-92e4-569a5db23c0c;-2.556259;-44.306430;2017-6-12T21:40:35
crime_doloso;Sá Viana;c83c5ab4-c064-4c1a-92e4-569a5db23c0c;-2.557687;-44.303054;2017-1-18T13:30:29
crime_doloso;Sá Viana;c83c5ab4-c064-4c1a-92e4-569a5db23c0c;-2.555254;-44.297368;2017-8-7T3:15:39
crime_doloso;Sá Viana;c83c5ab4-c064-4c1a-92e4-569a5db23c0c;-2.559816;-44.297791;2017-12-2T4:38:16
crime_doloso;Sá Viana;c83c5ab4-c064-4c1a-92e4-569a5db23c0c;-2.561100;-44.298624;2017-10-1T0:21:46
crime_doloso;Sá Viana;c83c5ab4-c064-4c1a-92e4-569a5db23c0c;-2.558079;-44.297237;2017-2-9T1:40:50
crime_doloso;Sá Viana;c83c5ab4-c064-4c1a-92e4-569a5db23c0c;-2.559390;-44.306422;2017-7-30T3:52:56
crime_doloso;Sá Viana;c83c5ab4-c064-4c1a-92e4-569a5db23c0c;-2.561687;-44.302602;2017-10-16T13:45:48
crime_doloso;Sacavém;2ade1bc1-e7c3-4a36-985f-a369e588c20d;-2.556630;-44.262879;2017-5-15T7:11:56
crime_doloso;Salinas do Sacavém;a00f77c1-8dd0-4ff6-acbf-9d94d3a2028a;-2.565395;-44.261407;2017-1-3T20:51:25
crime_doloso;Salinas do Sacavém;a00f77c1-8dd0-4ff6-acbf-9d94d3a2028a;-2.558534;-44.254977;2017-2-30T19:59:3
crime_doloso;Santa Bárbara;577e5386-288b-4c38-bd4b-0a2b2a55e086;-2.603533;-44.211084;2017-6-18T15:36:59
crime_doloso;Santa Clara;1567fdf1-8e10-4cb5-9881-f13768802e6d;-2.599731;-44.195868;2017-3-8T12:25:35
crime_doloso;Santa Clara;1567fdf1-8e10-4cb5-9881-f13768802e6d;-2.598431;-44.204062;2017-12-28T13:55:2
crime_doloso;Santa Clara;1567fdf1-8e10-4cb5-9881-f13768802e6d;-2.600932;-44.200054;2017-6-30T23:3:48
crime_doloso;Santa Clara;1567fdf1-8e10-4cb5-9881-f13768802e6d;-2.601303;-44.196906;2017-1-12T10:25:56
crime_doloso;Santa Cruz;ae34e810-aba5-4773-9b97-1b72acbad7c8;-2.550778;-44.244337;2017-2-18T7:35:36
crime_doloso;Santa Efigênia;f5bf84b1-686b-4418-b568-9a9306ac54ba;-2.572535;-44.187748;2017-3-2T0:58:43
crime_doloso;Santa Efigênia;f5bf84b1-686b-4418-b568-9a9306ac54ba;-2.579935;-44.188527;2017-4-21T6:21:58
crime_doloso;Santo Antônio;04fe68a0-37ec-4a83-8145-f8678b76fedf;-2.557526;-44.249932;2017-3-19T15:8:11
crime_doloso;Santo Antônio;04fe68a0-37ec-4a83-8145-f8678b76fedf;-2.556983;-44.244700;2017-4-9T5:35:59
crime_doloso;São Bernardo;af9284f3-94d2-422b-a129-8534bd2a1802;-2.561930;-44.222540;2017-8-25T10:56:4
crime_doloso;São Bernardo;af9284f3-94d2-422b-a129-8534bd2a1802;-2.557426;-44.223867;2017-2-5T1:37:9
crime_doloso;São Bernardo;af9284f3-94d2-422b-a129-8534bd2a1802;-2.558030;-44.222177;2017-11-13T23:50:57
crime_doloso;São Cristóvão;a2abdea2-f451-45cc-a3b0-bb6e8b208d00;-2.570184;-44.235317;2017-2-26T2:43:4
crime_doloso;São Cristóvão;a2abdea2-f451-45cc-a3b0-bb6e8b208d00;-2.571279;-44.233091;2017-12-21T3:21:22
crime_doloso;São Cristóvão;a2abdea2-f451-45cc-a3b0-bb6e8b208d00;-2.571827;-44.231027;2017-7-7T10:1:11
crime_doloso;São Cristóvão;a2abdea2-f451-45cc-a3b0-bb6e8b208d00;-2.570176;-44.229688;2017-3-11T13:38:26
crime_doloso;São Cristóvão;a2abdea2-f451-45cc-a3b0-bb6e8b208d00;-2.564378;-44.235452;2017-7-4T19:51:42
crime_doloso;São Francisco;ecca6b7a-864e-4c31-99bd-371791b1293a;-2.507498;-44.300926;2017-10-6T12:33:58
crime_doloso;São Francisco;ecca6b7a-864e-4c31-99bd-371791b1293a;-2.513105;-44.308935;2017-5-14T15:53:8
crime_doloso;São Francisco;ecca6b7a-864e-4c31-99bd-371791b1293a;-2.507988;-44.302105;2017-1-18T21:9:54
crime_doloso;São Francisco;ecca6b7a-864e-4c31-99bd-371791b1293a;-2.507776;-44.307691;2017-3-11T14:35:13
crime_doloso;São Francisco;ecca6b7a-864e-4c31-99bd-371791b1293a;-2.514949;-44.299970;2017-6-30T4:57:29
crime_doloso;Sol e Mar;3331644e-6f53-42a5-8e3f-9632b42691cb;-2.493131;-44.215307;2017-4-28T18:14:1
crime_doloso;Sol e Mar;3331644e-6f53-42a5-8e3f-9632b42691cb;-2.493316;-44.210079;2017-10-18T15:27:2
crime_doloso;Sol e Mar;3331644e-6f53-42a5-8e3f-9632b42691cb;-2.496246;-44.210664;2017-2-16T15:43:4
crime_doloso;Tajaçuaba;92e429df-1aab-48ad-b9ab-8055465e53b5;-2.626726;-44.211030;2017-9-6T19:25:33
crime_doloso;Tajaçuaba;92e429df-1aab-48ad-b9ab-8055465e53b5;-2.618783;-44.213841;2017-6-8T4:39:47
crime_doloso;Tibiri;4cb084f4-279f-460e-be14-8abab231a717;-2.617421;-44.247639;2017-11-24T5:40:53
crime_doloso;Tibiri;4cb084f4-279f-460e-be14-8abab231a717;-2.621224;-44.254997;2017-1-3T14:0:38
crime_doloso;Tibiri;4cb084f4-279f-460e-be14-8abab231a717;-2.618774;-44.249894;2017-3-5T0:25:52
crime_doloso;Tibiri;4cb084f4-279f-460e-be14-8abab231a717;-2.621943;-44.249323;2017-9-2T17:45:4
crime_doloso;Tibiri;4cb084f4-279f-460e-be14-8abab231a717;-2.615193;-44.249757;2017-5-9T17:51:10
crime_doloso;Tibiri;4cb084f4-279f-460e-be14-8abab231a717;-2.617227;-44.250516;2017-2-13T12:25:51
crime_doloso;Tibirizinho;c16cf866-bb32-4648-becf-332e3d7f355a;-2.620059;-44.241924;2017-3-23T16:39:53
crime_doloso;Tibirizinho;c16cf866-bb32-4648-becf-332e3d7f355a;-2.618533;-44.240436;2017-11-16T3:10:36
crime_doloso;Tibirizinho;c16cf866-bb32-4648-becf-332e3d7f355a;-2.617456;-44.236846;2017-5-23T3:38:16
crime_doloso;Tibirizinho;c16cf866-bb32-4648-becf-332e3d7f355a;-2.623106;-44.238358;2017-12-10T19:54:9
crime_doloso;Tibirizinho;c16cf866-bb32-4648-becf-332e3d7f355a;-2.621692;-44.239957;2017-2-13T22:49:48
crime_doloso;Tirirical;74cfd039-0e26-41c1-85f5-b99ae40a5c4f;-2.567155;-44.242921;2017-12-27T14:38:41
crime_doloso;Turú;0fd350db-b8e7-4433-9b20-b8b765734a62;-2.522160;-44.218276;2017-6-27T11:28:7
crime_doloso;Turú;0fd350db-b8e7-4433-9b20-b8b765734a62;-2.521573;-44.222710;2017-2-12T14:16:3
crime_doloso;Turú;0fd350db-b8e7-4433-9b20-b8b765734a62;-2.519071;-44.220585;2017-1-24T11:49:24
crime_doloso;Vicente Fialho;c45ba314-9dae-4da1-ab85-d47401bcf1aa;-2.505036;-44.235085;2017-10-12T5:58:9
crime_doloso;Vila 25 de maio;1c897bcb-3858-4840-ad80-596647759ea9;-2.525066;-44.260415;2017-4-30T7:21:6
crime_doloso;Vila Ariri;e09db977-9801-4fc1-8787-1c32b455e3f4;-2.543472;-44.324295;2017-8-8T2:46:51
crime_doloso;Vila Bacanga;baa89264-f725-453c-b302-6df2b166978e;-2.556198;-44.312867;2017-4-14T12:45:26
crime_doloso;Vila Bacanga;baa89264-f725-453c-b302-6df2b166978e;-2.556790;-44.314161;2017-7-14T1:50:40
crime_doloso;Vila Bacanga;baa89264-f725-453c-b302-6df2b166978e;-2.552905;-44.314177;2017-8-2T11:49:16
crime_doloso;Vila Brasil;3012d003-9175-4f96-99f8-5904bb735551;-2.567280;-44.212847;2017-9-15T3:25:18
crime_doloso;Vila Brasil;3012d003-9175-4f96-99f8-5904bb735551;-2.564452;-44.217714;2017-9-5T15:6:57
crime_doloso;Vila Cabral;e7588005-8a5b-4958-af9d-05bd69dec6d4;-2.688917;-44.299013;2017-3-20T0:57:14
crime_doloso;Vila Cascavel;6bacab1a-240a-4e6a-b6b3-d6513c856276;-2.593236;-44.223137;2017-3-25T13:16:60
crime_doloso;Vila Cascavel;6bacab1a-240a-4e6a-b6b3-d6513c856276;-2.589156;-44.215236;2017-9-17T17:19:0
crime_doloso;Vila Cascavel;6bacab1a-240a-4e6a-b6b3-d6513c856276;-2.593639;-44.216467;2017-7-17T3:3:37
crime_doloso;Vila Cascavel;6bacab1a-240a-4e6a-b6b3-d6513c856276;-2.598103;-44.216445;2017-8-9T9:13:0
crime_doloso;Vila Cascavel;6bacab1a-240a-4e6a-b6b3-d6513c856276;-2.591660;-44.218971;2017-1-20T8:22:21
crime_doloso;Vila Cascavel;6bacab1a-240a-4e6a-b6b3-d6513c856276;-2.591618;-44.215570;2017-7-27T5:57:1
crime_doloso;Vila Collier;3169e749-ff8f-4263-ac2c-2603c84d9da8;-2.669965;-44.301899;2017-9-27T8:3:10
crime_doloso;Vila Conceição-Alto do calhau;803a094a-fc72-406c-a3e7-0bc9173933e5;-2.492194;-44.256343;2017-1-7T11:49:7
crime_doloso;Vila Conceição-Alto do calhau;803a094a-fc72-406c-a3e7-0bc9173933e5;-2.494094;-44.258913;2017-9-1T7:47:28
crime_doloso;Vila Conceição-Alto do calhau;803a094a-fc72-406c-a3e7-0bc9173933e5;-2.494372;-44.255042;2017-10-17T13:52:52
crime_doloso;Vila Conceição-Alto do calhau;803a094a-fc72-406c-a3e7-0bc9173933e5;-2.492229;-44.259562;2017-6-24T18:13:25
crime_doloso;Vila Conceição-Alto do calhau;803a094a-fc72-406c-a3e7-0bc9173933e5;-2.497159;-44.257327;2017-9-13T13:36:36
crime_doloso;Vila Conceição-Alto do calhau;803a094a-fc72-406c-a3e7-0bc9173933e5;-2.491636;-44.259798;2017-6-14T13:33:35
crime_doloso;Vila Conceição-Coroadinho;8809225c-c5bc-4ce1-9751-af5e3f81d9de;4f50cc8b-53a7-4f0c-b8df-15de1e9427e1;-2.573286;2017-8-23T10:26:32
crime_doloso;Vila Conceição-Coroadinho;8809225c-c5bc-4ce1-9751-af5e3f81d9de;4f50cc8b-53a7-4f0c-b8df-15de1e9427e1;-2.567102;2017-1-31T22:14:27
crime_doloso;Vila Cristalina;0792eb8c-e6ea-49c7-9e8d-11d1e5f420b8;-2.527489;-44.262299;2017-9-16T14:30:29
crime_doloso;Vila Cruzado;fda6808d-0a6d-4390-ba48-7dc823c4a7a8;-2.515748;-44.235141;2017-10-2T17:40:13
crime_doloso;Vila Cruzado;fda6808d-0a6d-4390-ba48-7dc823c4a7a8;-2.512738;-44.231533;2017-4-3T18:19:54
crime_doloso;Vila Cruzado;fda6808d-0a6d-4390-ba48-7dc823c4a7a8;-2.510364;-44.230676;2017-11-21T21:5:60
crime_doloso;Vila Cruzado;fda6808d-0a6d-4390-ba48-7dc823c4a7a8;-2.511291;-44.235432;2017-5-24T15:37:7
crime_doloso;Vila Cruzado;fda6808d-0a6d-4390-ba48-7dc823c4a7a8;-2.510490;-44.233006;2017-1-12T4:12:34
crime_doloso;Vila dos Nobres;49ef0e5f-15c8-44ce-b6b1-673ae99328a6;-2.564772;-44.276159;2017-11-23T12:19:33
crime_doloso;Vila Embratel;89b1fd21-cafc-42e9-aa4f-97d96e7f1006;-2.572431;-44.308563;2017-12-26T16:56:7
crime_doloso;Vila Embratel;89b1fd21-cafc-42e9-aa4f-97d96e7f1006;-2.572154;-44.307042;2017-8-23T19:51:26
crime_doloso;Vila Embratel;89b1fd21-cafc-42e9-aa4f-97d96e7f1006;-2.570710;-44.308430;2017-8-1T4:31:25
crime_doloso;Vila Embratel;89b1fd21-cafc-42e9-aa4f-97d96e7f1006;-2.566136;-44.311902;2017-3-29T3:26:35
crime_doloso;Vila Embratel;89b1fd21-cafc-42e9-aa4f-97d96e7f1006;-2.568896;-44.309728;2017-7-2T19:24:10
crime_doloso;Vila Embratel;89b1fd21-cafc-42e9-aa4f-97d96e7f1006;-2.565501;-44.310438;2017-3-24T5:7:44
crime_doloso;Vila Embratel;89b1fd21-cafc-42e9-aa4f-97d96e7f1006;-2.564107;-44.311106;2017-4-17T2:31:20
crime_doloso;Vila Embratel;89b1fd21-cafc-42e9-aa4f-97d96e7f1006;-2.564169;-44.308244;2017-1-8T9:45:39
crime_doloso;Vila Embratel;89b1fd21-cafc-42e9-aa4f-97d96e7f1006;-2.566795;-44.308585;2017-8-27T10:55:1
crime_doloso;Vila Embratel;89b1fd21-cafc-42e9-aa4f-97d96e7f1006;-2.569988;-44.308419;2017-1-4T1:8:47
crime_doloso;Vila Embratel;89b1fd21-cafc-42e9-aa4f-97d96e7f1006;-2.571847;-44.308461;2017-3-1T3:40:37
crime_doloso;Vila Embratel;89b1fd21-cafc-42e9-aa4f-97d96e7f1006;-2.567790;-44.307066;2017-9-25T0:30:15
crime_doloso;Vila Embratel;89b1fd21-cafc-42e9-aa4f-97d96e7f1006;-2.568777;-44.307080;2017-7-20T17:59:6
crime_doloso;Vila Embratel;89b1fd21-cafc-42e9-aa4f-97d96e7f1006;-2.566454;-44.307231;2017-1-6T21:17:14
crime_doloso;Vila Esperança;02df6ad2-d247-4a02-8b2c-d3e055245688;-2.612858;-44.254944;2017-11-3T4:20:38
crime_doloso;Vila Esperança;02df6ad2-d247-4a02-8b2c-d3e055245688;-2.610948;-44.257988;2017-6-20T18:55:12
crime_doloso;Vila Esperança;02df6ad2-d247-4a02-8b2c-d3e055245688;'-2.618035;-44.263755;2017-10-4T11:48:59
crime_doloso;Vila Funil;1bae5e27-2c99-43d3-818c-cdd9ace34849;-2.611164;-44.250001;2017-5-27T11:23:2
crime_doloso;Vila Funil;1bae5e27-2c99-43d3-818c-cdd9ace34849;-2.608388;-44.250524;2017-7-18T21:56:1
crime_doloso;Vila Isabel Cafeteira;65d9d798-4245-4b81-9410-9b4c126f1ddb;-2.542384;-44.228165;2017-7-5T24:44:4
crime_doloso;Vila Isabel Cafeteira;65d9d798-4245-4b81-9410-9b4c126f1ddb;-2.540922;-44.226234;2017-10-5T10:24:30
crime_doloso;Vila Isabel Cafeteira;65d9d798-4245-4b81-9410-9b4c126f1ddb;-2.547808;-44.226649;2017-6-9T6:9:45
crime_doloso;Vila Isabel Cafeteira;65d9d798-4245-4b81-9410-9b4c126f1ddb;-2.540950;-44.225151;2017-5-28T23:17:21
crime_doloso;Vila Isabel Cafeteira;65d9d798-4245-4b81-9410-9b4c126f1ddb;-2.540507;-44.226204;2017-8-31T6:27:29
crime_doloso;Vila Itamar;81309d51-97db-4384-b7a4-54ef29bad357;-2.590864;-44.246313;2017-10-20T15:16:31
crime_doloso;Vila Itamar;81309d51-97db-4384-b7a4-54ef29bad357;-2.593931;-44.246870;2017-1-29T12:45:34
crime_doloso;Vila Janaína;ee4b080e-beb2-4c19-988b-0468c1b1635a;-2.595559;-44.190805;2017-7-15T0:36:51
crime_doloso;Vila Janaína;ee4b080e-beb2-4c19-988b-0468c1b1635a;-2.590154;-44.192404;2017-11-14T11:51:20
crime_doloso;Vila Janaína;ee4b080e-beb2-4c19-988b-0468c1b1635a;-2.587047;-44.191243;2017-12-6T19:0:3
crime_doloso;Vila Janaína;ee4b080e-beb2-4c19-988b-0468c1b1635a;-2.591580;-44.194569;2017-7-22T20:4:47
crime_doloso;Vila Janaína;ee4b080e-beb2-4c19-988b-0468c1b1635a;-2.591540;-44.186850;2017-6-22T10:11:16
crime_doloso;Vila Janaína;ee4b080e-beb2-4c19-988b-0468c1b1635a;-2.591240;-44.186681;2017-4-7T15:26:26
crime_doloso;Vila Lobão;cb60c02b-c49c-4c12-8c50-78707c298ff7;-2.565608;-44.239154;2017-12-23T8:35:49
crime_doloso;Vila Lobão;cb60c02b-c49c-4c12-8c50-78707c298ff7;-2.563555;-44.237341;2017-6-19T10:20:43
crime_doloso;Vila Lobão;cb60c02b-c49c-4c12-8c50-78707c298ff7;-2.567093;-44.240248;2017-8-24T5:38:24
crime_doloso;Vila Luizão;4e1223cb-e066-446d-8210-6e12cba14e81;-2.486419;-44.216530;2017-2-3T10:11:57
crime_doloso;Vila Luizão;4e1223cb-e066-446d-8210-6e12cba14e81;-2.489274;-44.208873;2017-7-25T17:41:53
crime_doloso;Vila Luizão;4e1223cb-e066-446d-8210-6e12cba14e81;-2.485447;-44.216230;2017-10-23T5:47:25
crime_doloso;Vila Luizão;4e1223cb-e066-446d-8210-6e12cba14e81;-2.490717;-44.207275;2017-4-29T7:36:52
crime_doloso;Vila Luizão;4e1223cb-e066-446d-8210-6e12cba14e81;-2.488422;-44.209960;2017-10-4T15:7:60
crime_doloso;Vila Luizão;4e1223cb-e066-446d-8210-6e12cba14e81;-2.493003;-44.210726;2017-4-20T13:23:4
crime_doloso;Vila Luizão;4e1223cb-e066-446d-8210-6e12cba14e81;-2.484727;-44.213630;2017-10-29T11:57:3
crime_doloso;Vila Luizão;4e1223cb-e066-446d-8210-6e12cba14e81;-2.493966;-44.207140;2017-3-8T22:12:53
crime_doloso;Vila Magril;78a69363-f14a-422d-99ca-bbfaf9a72dfe;-2.611469;-44.207647;2017-8-22T18:40:0
crime_doloso;Vila Magril;78a69363-f14a-422d-99ca-bbfaf9a72dfe;-2.614457;-44.200902;2017-11-9T9:1:35
crime_doloso;Vila Magril;78a69363-f14a-422d-99ca-bbfaf9a72dfe;-2.611515;-44.202028;2017-12-30T1:0:56
crime_doloso;Vila Magril;78a69363-f14a-422d-99ca-bbfaf9a72dfe;-2.615946;-44.203028;2017-12-25T3:23:4
crime_doloso;Vila Maracujá;b8fc5975-3955-4e67-8a7d-2ed6151c9515;-2.665452;-44.267050;2017-11-29T22:43:7
crime_doloso;Vila Maranhão;a8462c8f-11c6-4d19-b302-f0f2c1da82b1;-2.626948;-44.313172;2017-4-22T1:9:17
crime_doloso;Vila Maranhão;a8462c8f-11c6-4d19-b302-f0f2c1da82b1;-2.626481;-44.313372;2017-5-27T7:31:9
crime_doloso;Vila Maranhão;a8462c8f-11c6-4d19-b302-f0f2c1da82b1;-2.627542;-44.317224;2017-1-1T6:4:43
crime_doloso;Vila Maranhão;a8462c8f-11c6-4d19-b302-f0f2c1da82b1;-2.627049;-44.311701;2017-11-11T16:9:60
crime_doloso;Vila Mariana/Sacavém;2a2bfb5d-7655-442c-bc1b-c2571ab16317;-2.558974;-44.265660;2017-4-31T2:32:35
crime_doloso;Vila Mariana/Sacavém;2a2bfb5d-7655-442c-bc1b-c2571ab16317;-2.558789;-44.256469;2017-10-12T18:40:22
crime_doloso;Vila Mariana/Sacavém;2a2bfb5d-7655-442c-bc1b-c2571ab16317;-2.560930;-44.265813;2017-6-30T21:54:23
crime_doloso;Vila Marinho;849afc54-c24d-490f-a7b8-474cdea8a70d;-2.515875;-44.264821;2017-12-1T0:6:44
crime_doloso;Vila Marinho;849afc54-c24d-490f-a7b8-474cdea8a70d;-2.514590;-44.270051;2017-2-3T8:43:32
crime_doloso;Vila Mauro Fecury I;b4f45851-a919-40b5-9383-bcc1c21d8bea;-2.546086;-44.334709;2017-10-31T16:51:39
crime_doloso;Vila Mauro Fecury I;b4f45851-a919-40b5-9383-bcc1c21d8bea;-2.544159;-44.336678;2017-2-21T0:29:19
crime_doloso;Vila Mauro Fecury II;8619e0cf-e968-4f1c-9ea1-ead661fbdbab;-2.554952;-44.334039;2017-7-21T11:44:37
crime_doloso;Vila Natal;50c34637-9759-4a58-a257-2ac8c4d52760;-2.561997;-44.270571;2017-12-21T13:42:59
crime_doloso;Vila Natal;50c34637-9759-4a58-a257-2ac8c4d52760;-2.563969;-44.273550;2017-1-1T11:44:38
crime_doloso;Vila Nova República;9765b719-31be-4796-9d21-4cf3ead9ee46;-2.639814;-44.276778;2017-11-4T23:15:37
crime_doloso;Vila Nova-Bacanga;5421e520-56ef-4d7d-bb21-65448f1e0741;-2.541042;-44.324510;2017-1-27T1:46:12
crime_doloso;Vila Nova-Bacanga;5421e520-56ef-4d7d-bb21-65448f1e0741;-2.531588;-44.327356;2017-12-31T18:31:24
crime_doloso;Vila Nova-Bacanga;5421e520-56ef-4d7d-bb21-65448f1e0741;-2.535435;-44.329253;2017-1-10T3:3:30
crime_doloso;Vila Nova-Bacanga;5421e520-56ef-4d7d-bb21-65448f1e0741;-2.533192;-44.329586;2017-7-19T17:57:1
crime_doloso;Vila Nova-Bacanga;5421e520-56ef-4d7d-bb21-65448f1e0741;-2.535325;-44.329354;2017-2-26T13:49:2
crime_doloso;Vila Nova-Bacanga;5421e520-56ef-4d7d-bb21-65448f1e0741;-2.535614;-44.325699;2017-5-2T20:46:26
crime_doloso;Vila Nova-Bacanga;5421e520-56ef-4d7d-bb21-65448f1e0741;-2.532704;-44.332042;2017-8-24T12:58:3
crime_doloso;Vila Nova-Bacanga;5421e520-56ef-4d7d-bb21-65448f1e0741;-2.538956;-44.331026;2017-1-11T10:41:30
crime_doloso;Vila Palmeira;de28e06c-6436-4f2b-9b35-8b90591f1dbe;-2.543285;-44.253549;2017-2-18T13:60:45
crime_doloso;Vila Palmeira;de28e06c-6436-4f2b-9b35-8b90591f1dbe;-2.538942;-44.258234;2017-1-26T5:48:5
crime_doloso;Vila Palmeira;de28e06c-6436-4f2b-9b35-8b90591f1dbe;-2.545111;-44.250298;2017-12-8T5:27:23
crime_doloso;Vila Palmeira;de28e06c-6436-4f2b-9b35-8b90591f1dbe;-2.545039;-44.255239;2017-5-14T11:24:28
crime_doloso;Vila Palmeira;de28e06c-6436-4f2b-9b35-8b90591f1dbe;-2.539496;-44.258023;2017-12-12T22:2:21
crime_doloso;Vila Palmeira;de28e06c-6436-4f2b-9b35-8b90591f1dbe;-2.536683;-44.257032;2017-8-17T15:53:33
crime_doloso;Vila Palmeira;de28e06c-6436-4f2b-9b35-8b90591f1dbe;-2.536961;-44.254399;2017-8-2T7:40:27
crime_doloso;Vila Passos;14542445-7291-462e-8303-1f0b5a7142e7;-2.533454;-44.287294;2017-10-4T14:21:45
crime_doloso;Vila Passos;14542445-7291-462e-8303-1f0b5a7142e7;-2.536144;-44.287486;2017-5-1T10:30:3
crime_doloso;Vila Riod;ceb4f50b-ac91-4263-afae-abf038a0196b;-2.599966;-44.198341;2017-3-1T12:8:3
crime_doloso;Vila Riod;ceb4f50b-ac91-4263-afae-abf038a0196b;-2.591695;-44.191869;2017-3-30T2:19:16
crime_doloso;Vila Riod;ceb4f50b-ac91-4263-afae-abf038a0196b;-2.596695;-44.196278;2017-2-9T0:23:28
crime_doloso;Vila Riod;ceb4f50b-ac91-4263-afae-abf038a0196b;-2.592702;-44.192643;2017-5-10T12:15:52
crime_doloso;Vila São Luís-Bacanga;69585e02-84a1-4eb7-9749-82a74806a283;-2.552156;-44.335087;2017-4-15T19:46:20
crime_doloso;Vila São Luís-Bacanga;69585e02-84a1-4eb7-9749-82a74806a283;-2.544733;-44.332330;2017-1-21T2:12:48
crime_doloso;Vila São Sebastião;65936136-3a59-4bcf-b468-422dd4ec9c50;-2.574710;-44.260290;2017-10-12T3:3:21
crime_doloso;Vila São Sebastião;65936136-3a59-4bcf-b468-422dd4ec9c50;-2.575638;-44.267159;2017-2-12T19:31:53
crime_doloso;Vila São Sebastião;65936136-3a59-4bcf-b468-422dd4ec9c50;-2.577715;-44.263411;2017-11-30T20:33:26
crime_doloso;Vila São Sebastião;65936136-3a59-4bcf-b468-422dd4ec9c50;-2.574894;-44.264065;2017-8-16T15:58:54
crime_doloso;Vila São Sebastião;65936136-3a59-4bcf-b468-422dd4ec9c50;-2.576616;-44.263392;2017-11-24T7:34:38
crime_doloso;Vila Sarney;7f601f1d-e963-465e-8ff1-5e48c242ea3f;-2.637859;-44.271519;2017-11-5T9:19:20
crime_doloso;Vila União;976159e3-ec53-47a9-8180-90774bb7980c;-2.509303;-44.228190;2017-12-8T5:33:11
crime_doloso;Vila Vitória;bf03587d-cb67-4877-be3c-cddfb31a6ca6;-2.608787;-44.201650;2017-9-31T20:2:58
crime_doloso;Vila Vitória;bf03587d-cb67-4877-be3c-cddfb31a6ca6;-2.608620;-44.199406;2017-9-12T13:43:27
crime_doloso;Vila Vitória;bf03587d-cb67-4877-be3c-cddfb31a6ca6;-2.613134;-44.201510;2017-6-17T20:23:51
crime_doloso;Vila Vitória;bf03587d-cb67-4877-be3c-cddfb31a6ca6;-2.604212;-44.206797;2017-3-1T5:6:41
crime_doloso;Vila Vitória;bf03587d-cb67-4877-be3c-cddfb31a6ca6;-2.611515;-44.200748;2017-9-17T9:44:40
crime_doloso;Vila Vitória;bf03587d-cb67-4877-be3c-cddfb31a6ca6;-2.606123;-44.206957;2017-6-22T0:32:21
crime_doloso;Vila Vitória;bf03587d-cb67-4877-be3c-cddfb31a6ca6;-2.608514;-44.199610;2017-5-30T23:37:12
crime_doloso;Vila Vitória;bf03587d-cb67-4877-be3c-cddfb31a6ca6;-2.603963;-44.199004;2017-4-23T9:25:6
crime_doloso;Vila Vitória;bf03587d-cb67-4877-be3c-cddfb31a6ca6;-2.610968;-44.203241;2017-12-13T16:29:12
crime_doloso;Vila Vitória;bf03587d-cb67-4877-be3c-cddfb31a6ca6;-2.606792;-44.201829;2017-1-22T2:31:27
crime_doloso;Vinhais;9a3026b8-7d99-46ba-92a1-3ac81be854d1;-2.514589;-44.252291;2017-6-29T3:29:44